Layers	Fc_units	Epochs	Batch_Size	Train_Time	Loss	Val_Loss	Accuracy	Val_Accuracy
4.0	32.0	20.0	64.0	398.44492626190186	0.0009766633156687021	0.0022447234950959682	0.9945833086967468	0.987583339214325
