Layers	fc_units	Epochs	Batch_Size	Train_Time	Loss	Val_Loss
4.0	64.0	1.0	80.0	22.6657977104187	0.005740632303059101	0.0046319738030433655
