Layers	Filter_Size	Filters/Layer	Epochs	Batch_Size	Train_Time	Loss	Val_Loss
4.0	3.0	32.0	300.0	64.0	7317.594392776489	0.00021990390087012202	0.0004713530943263322
4.0	3.0	32.0	200.0	64.0	4899.584109783173	0.00025551478029228747	0.0005114275845699012
4.0	3.0	32.0	100.0	64.0	2445.7748827934265	0.00033839012030512094	0.000627594068646431
