Layers	Fc_units	Epochs	Batch_Size	Train_Time	Loss	Val_Loss	Accuracy	Val_Accuracy
4.0	64.0	200.0	80.0	3955.065374135971	0.00017083327111322433	0.0019909366965293884	0.9991458058357239	0.9896666407585144
