Layers	Fc_units	Epochs	Batch_Size	Train_Time	Loss	Val_Loss	Accuracy	Val_Accuracy
4.0	64.0	2.0	80.0	39.01009440422058	0.0034234647173434496	0.005401476752012968	0.9793958067893982	0.9679999947547913
4.0	64.0	1.0	80.0	22.445399284362793	0.005476140882819891	0.004321320913732052	0.9660000205039978	0.9742500185966492
